energy_eV,within_kc,beyond_kc
1.102375730712192192e+00,2.163341231708725552e-04,2.745171645547807659e-05
1.104752810646187022e+00,5.602748941819496719e-05,8.626829154357996588e-06
1.107130277917975025e+00,4.365734450714388142e-03,9.724626060659617406e-04
1.109508071207282898e+00,3.502133485845881477e-03,1.071736914744354265e-03
1.111886128647274319e+00,1.685606136677332187e-04,8.219680737800348039e-05
1.114264387824213776e+00,2.915084061796260895e-03,2.679664588401452999e-03
1.116642785777203883e+00,5.810375594570538205e-03,1.221533150852595687e-02
1.119021258997989765e+00,4.286847475177569047e-03,4.080350426762623106e-02
1.121399743430837814e+00,4.106432847890518567e-04,2.671506218827439660e-01
1.123778174472484626e+00,3.294218154257493297e-03,2.137569963747613586e-02
1.126156486972162973e+00,3.566295002562568355e-03,6.461556565833258096e-03
1.128534615231699956e+00,4.406640101167283614e-03,3.902460275929972404e-03
1.130912493005694186e+00,3.445397309710913816e-03,1.808508483838039416e-03
1.133290053501766481e+00,2.976671071107889720e-03,1.062463632955515727e-03
1.135667229380893373e+00,3.457049748844033023e-03,8.666841183449551988e-04
1.138043952757815891e+00,3.325701463519090649e-03,6.684182330606436425e-04
1.140430645006762944e+00,3.338126256185024870e-03,5.894318818324208479e-04
1.142806301289510440e+00,3.710767270802681726e-03,5.243802977371588925e-04
1.145181298221050525e+00,3.423436685125458723e-03,4.425707966985119443e-04
1.147555565735549843e+00,3.472222962025843171e-03,4.429234436162299195e-04
1.149939698688533074e+00,4.359371977551811106e-03,5.205008305104800699e-04
1.152312339057216528e+00,4.278432129171036262e-03,5.004747294177796417e-04
1.154694790481869404e+00,3.673749856410083066e-03,4.462636675413497451e-04
1.157076315485336515e+00,4.751324131216274303e-03,6.812543277292259798e-04
1.159445998776818199e+00,5.877451212505328121e-03,9.622693951061421112e-04
1.161825408173174257e+00,4.863372528623827358e-03,9.331003755869075704e-04
1.164203671776672389e+00,4.948600040701744106e-03,1.402155520408327957e-03
1.166580715404594182e+00,7.935873837574287243e-03,3.421014922263577573e-03
1.168956464334743650e+00,8.992070246034255046e-03,6.478944293173878773e-03
1.171341909466407039e+00,8.163396101146290842e-03,1.490211618472732369e-02
1.173714887566505771e+00,9.875474044019009329e-03,1.103146754915624306e-01
1.176097499840639937e+00,6.038727675695175837e-03,2.888435468066256062e-01
1.178478603450343609e+00,1.180090336409310957e-02,3.482320848817960918e-02
1.180846874482839759e+00,1.210247614233963404e-02,1.161406032120075767e-02
1.183224683239016084e+00,8.561040043041548420e-03,4.049484588781892928e-03
1.185612087451950236e+00,8.165868748707212285e-03,2.395270495020615335e-03
1.187986378893309602e+00,1.066815185104567736e-02,2.056809977792897152e-03
1.190358770252602172e+00,1.024781020724281448e-02,1.489294599613176116e-03
1.192740655833151475e+00,8.734546086004334881e-03,9.660391749863290545e-04
1.195120572508726164e+00,1.001799976578167557e-02,8.711961409927510827e-04
1.197498439510897406e+00,1.172203367952653723e-02,8.662154352014536911e-04
1.199874175544611843e+00,1.118485175805438922e-02,6.475899758617488945e-04
1.202247698790813724e+00,1.082070175081015911e-02,5.667583770836442545e-04
1.204630630988217099e+00,1.247561761829920658e-02,5.773244681143683849e-04
1.207011277581778286e+00,1.355832972151155454e-02,5.165040268858903105e-04
1.209389555328822752e+00,1.301476604585679459e-02,4.932349978455288081e-04
1.211765380466591990e+00,1.346699917557945235e-02,4.275864047812355843e-04
1.214138668715299518e+00,1.508660211931485765e-02,4.249725464113604631e-04
1.216521271556269213e+00,1.563442990740376154e-02,4.242916102521936475e-04
1.218901260673629805e+00,1.541249836303765046e-02,3.262021324131374124e-04
1.221278550366432736e+00,1.620146600214624963e-02,3.586479187303456763e-04
1.223653054421999675e+00,1.756219252208095910e-02,3.477565909753509133e-04
1.226036809853057186e+00,1.780487874184884939e-02,2.915276843440583391e-04
1.228405528858331763e+00,1.766954279081989210e-02,3.367713061098523961e-04
1.230783418372779048e+00,1.868768366833893635e-02,2.676813146341283493e-04
1.233170531755207078e+00,1.963240865510994249e-02,2.591408176984881734e-04
1.235542297137962597e+00,1.955922619468083296e-02,2.667573395492232186e-04
1.237923203366784186e+00,1.968964154843070441e-02,1.770012148282189160e-04
1.240300895663398073e+00,2.048946059184756849e-02,2.184366570468220816e-04
1.242677775014586095e+00,2.102457612168409998e-02,1.807619942372311588e-04
1.245056280032780238e+00,2.080422494579318299e-02,1.506568705690693232e-04
1.247433866845625072e+00,2.088122068877011628e-02,1.889133787109325126e-04
1.249811732522333463e+00,2.155032274538643683e-02,1.157996100506235770e-04
1.252189828228160717e+00,2.164097089163360965e-02,1.346900965279659585e-04
1.254568104745505508e+00,2.136960376740972348e-02,1.407709168169679885e-04
1.256946512473745337e+00,2.157209909124690669e-02,8.428495389976204419e-05
1.259323722316235017e+00,2.179698416633880920e-02,1.974486189212504024e-04
1.261702237295382556e+00,2.179762771036064528e-02,1.690715133580718667e-04
1.264080732375299165e+00,2.171018563969346130e-02,2.227449124093350231e-04
1.266457862776105170e+00,2.187491914707255167e-02,3.580704843673547565e-04
1.268836159410696496e+00,2.210125974283198153e-02,4.738252705517302546e-04
1.271214281587295547e+00,2.233341700070804944e-02,8.581293874095471605e-04
1.273592177023115557e+00,2.302515334061700641e-02,1.464190188277490800e-03
1.275969793052491141e+00,2.375610311961739302e-02,2.618067187181966505e-03
1.278348394676446675e+00,2.514229114613382443e-02,5.458927015337611960e-03
1.280725297271503527e+00,2.934234064751694432e-02,1.407950009892781386e-02
1.283104415923701946e+00,3.848632720594544199e-02,5.065597563439102474e-02
1.285481727588297707e+00,5.803895966679554347e-02,4.391379033025814005e-01
1.287859838407007906e+00,3.414860009949652244e-03,3.063029676513918664e-01
1.290237365594768537e+00,1.301906167366737727e-02,6.079619381287142826e-02
1.292615601494206734e+00,1.554958663701405501e-02,2.530859004076742302e-02
1.294993152720043783e+00,1.708521082979527761e-02,1.468479424344565527e-02
1.297371320810711826e+00,1.640426529957488347e-02,9.560177565319790544e-03
1.299750064295511320e+00,1.572181782983263915e-02,6.530424160226208120e-03
1.302127973832296837e+00,1.629290040280663085e-02,5.302735835165207218e-03
1.304504992295077548e+00,1.657119864471919002e-02,4.629628118867076987e-03
1.306883817274359982e+00,1.577435422375507434e-02,3.693615348464217470e-03
1.309261655848396488e+00,1.527785568954370676e-02,3.253698213630090794e-03
1.311639837390945473e+00,1.600282037028446028e-02,3.051424818340275381e-03
1.314016925775080002e+00,1.605994489156128968e-02,2.795383357271169489e-03
1.316395657391975726e+00,1.517003098050533592e-02,2.571177132176140270e-03
1.318773197764609995e+00,1.532936020063193142e-02,2.366301160081857400e-03
1.321150895014793214e+00,1.598414169554600653e-02,2.455618872795814912e-03
1.323530117170831355e+00,1.569420165315470531e-02,2.477553455914773776e-03
1.325907998417265699e+00,1.521407453679846609e-02,2.362866644873445367e-03
1.328285901053660734e+00,1.565384329277851039e-02,2.611716559534101815e-03
1.330663779257676982e+00,1.639476468876910689e-02,2.887260924333281357e-03
1.333041586878621620e+00,1.615867427365129394e-02,3.258045962452808201e-03
1.335419277437480678e+00,1.615922770364249667e-02,3.927439080923991917e-03
1.337796804126984540e+00,1.740075079794855401e-02,5.312214228214760456e-03
1.340175568438737086e+00,1.856642528193767211e-02,8.221804083840066057e-03
1.342552630798620195e+00,1.969571797192204432e-02,1.409857590401404626e-02
1.344930845832843502e+00,2.286235472832590793e-02,3.155496294082169029e-02
1.347308716820470487e+00,2.870946865106442994e-02,1.191621639255592835e-01
1.349687664603416160e+00,2.431728187635988706e-02,8.870936595454760321e-01
1.352064707084743578e+00,8.652753890765189915e-03,1.943897260932398452e-01
1.354442738914278577e+00,1.324739128451249415e-02,5.488658937894979467e-02
1.356821726285427188e+00,1.465294767010242444e-02,2.518907594290619931e-02
1.359198655024307145e+00,1.461503848997592475e-02,1.500624674217340172e-02
1.361576449996873439e+00,1.498788177171080441e-02,1.045421419796785899e-02
1.363955076519934195e+00,1.529922717544638516e-02,8.175703063317208558e-03
1.366332993909127991e+00,1.516855771384947871e-02,6.690012242814348011e-03
1.368710151197721991e+00,1.517099163799169245e-02,5.550572232824790841e-03
1.371089529547983243e+00,1.540547177756385923e-02,5.187489558282007418e-03
1.373466544440631543e+00,1.598162631120674665e-02,4.659878034270784238e-03
1.375844181692285284e+00,1.590406849849338236e-02,4.299321532009832067e-03
1.378222404895539377e+00,1.591644231868423118e-02,4.167650260910968352e-03
1.380601177370847310e+00,1.664451178874168380e-02,4.010437399135442088e-03
1.382978919523796035e+00,1.699512342497320333e-02,4.073092906168519940e-03
1.385357126148375695e+00,1.720821690236022314e-02,3.929133932401258217e-03
1.387734206447297503e+00,1.788231088002358721e-02,3.970834089966421808e-03
1.390113223827786459e+00,1.932503649905066914e-02,4.357934114719291298e-03
1.392491028330698821e+00,2.276029221896860855e-02,4.967150802685717410e-03
1.394869134848162107e+00,4.321205696017885872e-02,1.057050444363373358e-02
1.397245930094993760e+00,3.676213368999858844e-02,6.865150211046355290e-03
1.399624519051433369e+00,2.346007841427717386e-02,4.545777879804896449e-03
1.402003293241485871e+00,2.119603073510789235e-02,4.339970789949544432e-03
1.404380622437389370e+00,2.112863991981934336e-02,4.248417452832081720e-03
1.406758046866900980e+00,2.164068797009220321e-02,4.651693267831577376e-03
1.409137128030744313e+00,2.251743016962810123e-02,4.831157227124083416e-03
1.411514627924003840e+00,2.368748422282670324e-02,5.130340240432694314e-03
1.413892102100584580e+00,2.637329045975655636e-02,6.144257759628415916e-03
1.416271127497783944e+00,3.847473498677191073e-02,9.300145758457356929e-03
1.418648432802419590e+00,5.285229867529034342e-02,1.697955421937535903e-02
1.421025588977857357e+00,3.117498816182276769e-02,6.992072625398404288e-03
1.423404188478144317e+00,2.838588584129567854e-02,6.745236154211074406e-03
1.425782566128521500e+00,2.813369798116985288e-02,7.067548571252916384e-03
1.428160679720647197e+00,2.876767907185767692e-02,7.286859490183265203e-03
1.430538486772758411e+00,2.949549235426221494e-02,8.892464635539484852e-03
1.432915944529842500e+00,3.074395602787313372e-02,1.000757267172009204e-02
1.435294671521053944e+00,3.239417993821330777e-02,1.064530754858620393e-02
1.437671306838161023e+00,3.334421019771613426e-02,1.231119951074845752e-02
1.440050808136397853e+00,3.542014202225542835e-02,1.350472866114123260e-02
1.442428130388856866e+00,3.756499911122129082e-02,1.594536030239340416e-02
1.444806580222042447e+00,3.945814815556712707e-02,1.929479044472434332e-02
1.447184440705151953e+00,4.239523998056490828e-02,2.284927544178823322e-02
1.449561667222405870e+00,4.524637733654557348e-02,2.990965275024240130e-02
1.451939915205273879e+00,5.016502271847355504e-02,3.999322569278779965e-02
1.454317450317589300e+00,5.576344329630854996e-02,6.021886341173864066e-02
1.456695938627691200e+00,6.139874356459202459e-02,1.109012721488786407e-01
1.459073634158916555e+00,6.618362115354818609e-02,2.593112895999893919e-01
1.461452213653828158e+00,4.278450015116659622e-02,7.744651528765377213e-01
1.463829919457844797e+00,7.893763589982187578e-02,6.211946129012867468e-01
1.466208439024566657e+00,9.726545287861931843e-02,2.146502407867559303e-01
1.468586002984929362e+00,8.416386473628310882e-02,1.200537217025955949e-01
1.470964309539829262e+00,7.652772285757034054e-02,9.471970530499894403e-02
1.473341577570034255e+00,6.970437851069774537e-02,9.859104759276730856e-02
1.475719516059424974e+00,6.510744740908437633e-02,1.154181312496159045e-01
1.478098094240766214e+00,5.894451668454171733e-02,1.497469071550656949e-01
1.480475513315234082e+00,4.769486880641922444e-02,2.120000224818121837e-01
1.482853498523538649e+00,3.218460417507610499e-02,3.173672655321896907e-01
1.485232018414436084e+00,1.260136140059698456e-02,4.998255606213983793e-01
1.487609256426934090e+00,1.635870429905615306e-02,7.285473047642945232e-01
1.489986954141012232e+00,8.874692490015669011e-02,7.431705434562811963e-01
1.492365079420795659e+00,1.626237143484572933e-01,4.809388177798772923e-01
1.494743599912236265e+00,1.910054125185375595e-01,2.604151015740808206e-01
1.497120675253670763e+00,1.935942969436217631e-01,1.515155823385485878e-01
1.499499882482282054e+00,1.951522493651421108e-01,1.050828141160885520e-01
1.501877567244239930e+00,2.063966041583641109e-01,1.110855854615271504e-01
1.504255504071110305e+00,2.280261346502098774e-01,2.760556296558578371e-01
1.506633659486564580e+00,2.232834226779194242e-01,3.768356011212349865e-01
1.509011999795530246e+00,2.088581106860986636e-01,1.086179324194384566e-01
1.511388648673164026e+00,1.871677024820066759e-01,4.521535765041147237e-02
1.513767251004833225e+00,1.733858613187343745e-01,2.756413959200124802e-02
1.516145935822170943e+00,1.645673852649934266e-01,1.957594397493625515e-02
1.518522808709106275e+00,1.576131535087502700e-01,1.520573438098586638e-02
1.520901548735163589e+00,1.510473627922523099e-01,1.340291765475327621e-02
1.523278395355869286e+00,1.455735503494254013e-01,1.184391237148930270e-02
1.525657050519223512e+00,1.393107790391421297e-01,1.169515889574623997e-02
1.528035613106303980e+00,1.340139088324864836e-01,1.083119197642873170e-02
1.530412158368475106e+00,1.281081510267384205e-01,1.124691647777639747e-02
1.532790422710940126e+00,1.226411279625443662e-01,1.165798674128336668e-02
1.535168486814444622e+00,1.174495843359767977e-01,1.174889363198735465e-02
1.537546314356687649e+00,1.114559349225005547e-01,1.293689032973352991e-02
1.539925781434329011e+00,1.068937496821752153e-01,1.330870768573944388e-02
1.542303031922281464e+00,1.016127958614701232e-01,1.488531018531555859e-02
1.544679935578640473e+00,9.607886741682976350e-02,1.702029915120036388e-02
1.547058385603538921e+00,9.087036769787733281e-02,1.989256079469815114e-02
1.549436426059346950e+00,8.448904567187584536e-02,2.666688543080136461e-02
1.551814019337569794e+00,7.828653637567867252e-02,4.115638153063930910e-02
1.554193075854291672e+00,7.910292739187897715e-02,8.086612283218416741e-02
1.556571621252926807e+00,1.085127723134192979e-01,3.787824727702208266e-02
1.558949617294478562e+00,9.788569959192848502e-02,1.124429313397582765e-02
1.561327025522138312e+00,8.946192140631797907e-02,8.667457390476886875e-03
1.563703807261558554e+00,8.450278002106779984e-02,8.915785568205575329e-03
1.566081901784048602e+00,8.053866955549389417e-02,1.086331652747550731e-02
1.568461288012522381e+00,7.869118790758536375e-02,1.246477678036243646e-02
1.570837964304495848e+00,7.687899431058514699e-02,1.559519655738095603e-02
1.573215865533810209e+00,7.575622078889966693e-02,2.085918472967292561e-02
1.575594970075133272e+00,7.733125473173875497e-02,2.932071356436012979e-02
1.577973247821740976e+00,7.993217896438918613e-02,5.047938497701282001e-02
1.580350658646643147e+00,8.661771775284529684e-02,1.075324335340540338e-01
1.582729182648527688e+00,8.601061364692494382e-02,2.989284701142820855e-01
1.585106770971465240e+00,6.809093208059095736e-02,4.162611150461980603e-01
1.587483382861448522e+00,7.230160363307298887e-02,1.769005302975186489e-01
1.589863054736732062e+00,6.818239682924784328e-02,8.300284736141061437e-02
1.592239647623282961e+00,6.516028774456721073e-02,4.930975228615115669e-02
1.594619254564539901e+00,6.139216116556195368e-02,3.679825005034707830e-02
1.596995699582284045e+00,5.886173689164844736e-02,3.053928100383866695e-02
1.599375112011809597e+00,5.762873880024182993e-02,2.658842581752162565e-02
1.601751278763500652e+00,5.569904696414670203e-02,2.568114787622280057e-02
1.604130365570978434e+00,5.528306799865836257e-02,2.445208886193402792e-02
1.606508203736388474e+00,5.374991575253724313e-02,2.497088922297705654e-02
1.608886838448475576e+00,5.351028705010836550e-02,2.482385347904336390e-02
1.611264151472938666e+00,5.307703085982946184e-02,2.569358715411678221e-02
1.613642199950546807e+00,5.222347058419359034e-02,2.736312211087293250e-02
1.616020959246320388e+00,5.236777862880907103e-02,2.827779294832958451e-02
1.618398292022371621e+00,5.168613970794972562e-02,3.077467256163898823e-02
1.620776273428434777e+00,5.244429722111360742e-02,3.267602524834691685e-02
1.623154878309403193e+00,5.207634165275829008e-02,3.647772485071767989e-02
1.625531950142255599e+00,5.310879540551215194e-02,4.022207062898022073e-02
1.627909582167395008e+00,5.430603094595062852e-02,4.677763841490906876e-02
1.630287748709084994e+00,5.552151332320277854e-02,5.925171197003276796e-02
1.632666423928462507e+00,6.002503287238405982e-02,8.348946246960628481e-02
1.635043425604618017e+00,6.296399299282261219e-02,1.524090765906885026e-01
1.637420871234776421e+00,5.721557157392587883e-02,2.309303516229807562e-01
1.639798734458945972e+00,4.933448769761034775e-02,1.569175953178049143e-01
1.642176988753630829e+00,4.763725035391055962e-02,1.098353038206293097e-01
1.644555607431689159e+00,4.798282053852540724e-02,9.522339512366116698e-02
1.646934563642211913e+00,4.647012851779244724e-02,9.547507040064608097e-02
1.649311636354932720e+00,4.676379810578613211e-02,9.955016231491807532e-02
1.651688979741587904e+00,4.525049958635026653e-02,1.089503701741406649e-01
1.654066566429912566e+00,4.503104555345514154e-02,1.201283572180318754e-01
1.656446581917050409e+00,4.330967820680634711e-02,1.358809303083173547e-01
1.658824578794847904e+00,4.146108872013088559e-02,1.546616095589049833e-01
1.661200510123229890e+00,4.013597019676540950e-02,1.764081226286979831e-01
1.663578793016376123e+00,3.660642834674547597e-02,2.047421609537813658e-01
1.665957179889875128e+00,3.369590706276546360e-02,2.372787115291280502e-01
1.668335642387050344e+00,2.880788286271450740e-02,2.770913323103528780e-01
1.670714151986992135e+00,2.385525943908999025e-02,3.225826597176290611e-01
1.673090422268976418e+00,1.779764843089865628e-02,3.748513140539346811e-01
1.675468933430814822e+00,1.159630229810729683e-02,4.310844599185922332e-01
1.677847405138119141e+00,6.306805347821864589e-03,4.866813809925382150e-01
1.680225808213018368e+00,2.879160475715762755e-03,5.352041233521079855e-01
1.682604113313405536e+00,3.006397602704607205e-03,5.682220103153007296e-01
1.684982290932964144e+00,7.686854729830744359e-03,5.791117964315404265e-01
1.687360311401208346e+00,1.749365233885692011e-02,5.648533849567267673e-01
1.689738144883533133e+00,3.070692844807394739e-02,5.300639252933423418e-01
1.692115761381273620e+00,4.619851975795066096e-02,4.816105306588610580e-01
1.694493130731776098e+00,6.461567224035164037e-02,4.257620515468211186e-01
1.696870222608480416e+00,7.984499226562150054e-02,3.736401770499281350e-01
1.699249335401934236e+00,9.754293686911454098e-02,3.226644884090690280e-01
1.701628122620680639e+00,1.116291257548556320e-01,2.806334955132633313e-01
1.704004211532359703e+00,1.271760405477349032e-01,2.429769400450123851e-01
1.706382248516707056e+00,1.406719161652178196e-01,2.133536307347966565e-01
1.708759867047055625e+00,1.549970199544522531e-01,1.880096437177200541e-01
1.711139397425514685e+00,1.697475706607011470e-01,1.672505929315760143e-01
1.713516091596347435e+00,1.815683559026212979e-01,1.540782445775653597e-01
1.715894647708231302e+00,1.974616933292614174e-01,1.412483803970174256e-01
1.718272672423617475e+00,2.106885647087883007e-01,1.349808899362364978e-01
1.720650133828133255e+00,2.260395841486708968e-01,1.302107340318818252e-01
1.723029394364145483e+00,2.393216501756770809e-01,1.313005405540688120e-01
1.725405639360965360e+00,2.536334850251242834e-01,1.346319718461891635e-01
1.727783632085690080e+00,2.646901988023568353e-01,1.443454009490068857e-01
1.730163359864028916e+00,2.727357791520820252e-01,1.597487630848551388e-01
1.732539967848906848e+00,2.801907297572202027e-01,1.790580846652005675e-01
1.734918258608534103e+00,2.765450441121074521e-01,2.139759991320502874e-01
1.737295784744042226e+00,2.708999183263581245e-01,2.593142287164827420e-01
1.739674954091988246e+00,2.492804966879266781e-01,3.390060528061002443e-01
1.742053305661134033e+00,2.297517285176849944e-01,4.434327435370698511e-01
1.744430805976284748e+00,2.278046166744991941e-01,4.950074077466279920e-01
1.746807421400558225e+00,2.396206725907405466e-01,4.138883918981134946e-01
1.749185585906543050e+00,2.200260245970574735e-01,3.550765334546510110e-01
1.751565285671503824e+00,1.826221096315070180e-01,3.466755108188251389e-01
1.753941544332989544e+00,1.494548157548973577e-01,3.546783466574127686e-01
1.756319283347408389e+00,1.123624083034921173e-01,3.788630383204065755e-01
1.758698488506720947e+00,8.173919968194985619e-02,4.061859996367395143e-01
1.761076644056678076e+00,5.324265123603455496e-02,4.418006007382769829e-01
1.763453715291095847e+00,3.290099049662573855e-02,4.819494319900018420e-01
1.765832182308382903e+00,2.210138211216756618e-02,5.293058391318791189e-01
1.768209508663195706e+00,2.749426684710564589e-02,5.819938132682369591e-01
1.770588187717695883e+00,5.676935418166920849e-02,6.378241479890416343e-01
1.772965669196805205e+00,1.190032187902843597e-01,6.860794989751293205e-01
1.775344459763996241e+00,2.215619594652150914e-01,6.979378787015750873e-01
1.777721995276969613e+00,3.279094860018053614e-01,6.574835137420358411e-01
1.780100795737554753e+00,4.070323301284051731e-01,5.480265365372969377e-01
1.782478283099381056e+00,4.142896992286820290e-01,4.309166972019949915e-01
1.784856990739158489e+00,3.813074237004711042e-01,3.336722954289694232e-01
1.787234326670235962e+00,3.259072291284928480e-01,2.796675216925241791e-01
1.789612837680196966e+00,2.745304102787917699e-01,2.542667078716159268e-01
1.791989917806559918e+00,2.254968124390479833e-01,2.604217711222978626e-01
1.794368127283230807e+00,1.845513782973104144e-01,2.938236588468140509e-01
1.796744846137017459e+00,1.631268626732612637e-01,3.460604205306884174e-01
1.799122648083041343e+00,1.576791467349964171e-01,3.811654194526176709e-01
1.801501516697256555e+00,1.633958346925215854e-01,3.272322820408051780e-01
1.803878810935230392e+00,1.420692672970141068e-01,2.751665378943943807e-01
1.806257124818080539e+00,1.205356376003140356e-01,2.493039214863393693e-01
1.808636441567766484e+00,9.725100771844068237e-02,2.475904579782707005e-01
1.811014098981616804e+00,7.982132870847789829e-02,2.529584157268978117e-01
1.813392711472929353e+00,6.286010349676016129e-02,2.657799275801143168e-01
1.815769602679484063e+00,4.953227340504573473e-02,2.799855413959303485e-01
1.818147400644648304e+00,3.713078838955443522e-02,2.973487507070811664e-01
1.820526087986671593e+00,2.693615532983232794e-02,3.148328612397977011e-01
1.822902967052714596e+00,1.841295298062322131e-02,3.330679634695798419e-01
1.825280686410676978e+00,1.113504505726024482e-02,3.513622179090987729e-01
1.827659228322897844e+00,6.137159293929207900e-03,3.689108521235499039e-01
1.830038574944468310e+00,2.875208685536484541e-03,3.850403104371004637e-01
1.832416000112327747e+00,1.708640458554609417e-03,3.993541309672950512e-01
1.834794179900823385e+00,2.703810869243690115e-03,4.111345557415735374e-01
1.837170373825880221e+00,6.007117051635498146e-03,4.198595235991598451e-01
1.839550001086070585e+00,1.133191799478176082e-02,4.254028667401728026e-01
1.841927591628267580e+00,1.923476621679060319e-02,4.262227956708743992e-01
1.844305849176059109e+00,2.859784152437551755e-02,4.243306981390645993e-01
1.846682004518993780e+00,4.053451027072500767e-02,4.171041451125031552e-01
1.849061532876481451e+00,5.324393177680063205e-02,4.081036155066035676e-01
1.851438907171361503e+00,6.817220555026004547e-02,3.937184497469136679e-01
1.853816858923008848e+00,8.490251786727717742e-02,3.780583941756498478e-01
1.856195368998788231e+00,9.904156566470589951e-02,3.631152214482703533e-01
1.858574418157592278e+00,1.191440848775572603e-01,3.421568761446520113e-01
1.860951193835267858e+00,1.352068557930233006e-01,3.275864193872079499e-01
1.863328455497598846e+00,1.531061467417403343e-01,3.004534282329317518e-01
1.865706183545688734e+00,1.667998891503780778e-01,2.812813311025186835e-01
1.868084358271926204e+00,1.842066686731236302e-01,2.544017812661366063e-01
1.870462959859882535e+00,1.986191695062581586e-01,2.337286113226041684e-01
1.872841968384215239e+00,2.174650094961051716e-01,2.109966802441734512e-01
1.875218527602503737e+00,2.342610378239666502e-01,1.935948203304809490e-01
1.877598282584272082e+00,2.547498635870346639e-01,1.749236326833636113e-01
1.879975533445847002e+00,2.739364196747383073e-01,1.603189099725360056e-01
1.882353096003137383e+00,2.964018925882152544e-01,1.458583948956772847e-01
1.884730949754881424e+00,3.187181058120598376e-01,1.353754037470236427e-01
1.887109074090651539e+00,3.447178478885484232e-01,1.259223207830358349e-01
1.889487448290790628e+00,3.717807276379729853e-01,1.199152067038780634e-01
1.891866051526354786e+00,3.970457653786136909e-01,1.218372012683341665e-01
1.894241968814363020e+00,4.272643044356405628e-01,1.268294712441304095e-01
1.896620959922661109e+00,4.515389597186088566e-01,1.416798487772931159e-01
1.899000116913673875e+00,4.759786498793712184e-01,1.622763601572479453e-01
1.901376502634666066e+00,4.852163379147410582e-01,2.011739561540205057e-01
1.903755920179471373e+00,4.863963821831422951e-01,2.488395666967565811e-01
1.906132508977648854e+00,4.573366070861743515e-01,3.190573474106293550e-01
1.908512101096307090e+00,4.170724018820567425e-01,3.868115195189216204e-01
1.910888806516348737e+00,3.508719167179948917e-01,4.676614762983669626e-01
1.913265533887637870e+00,2.864551160909015182e-01,5.409785030854845633e-01
1.915645221064280479e+00,2.106666362087634692e-01,6.287088840039514182e-01
1.918021933723900396e+00,1.498936348487517334e-01,7.126950761674627488e-01
1.920401576683357536e+00,9.848816725790184023e-02,8.035960689531739254e-01
1.922778185987368271e+00,7.236615113432859347e-02,8.745391891289783226e-01
1.925157695683840764e+00,6.301999034930998167e-02,9.080886796157058294e-01
1.927534112112835318e+00,6.427351795239863441e-02,8.833641920750913146e-01
1.929913398624609977e+00,6.184986822630794689e-02,8.237415667787176821e-01
1.932289531783984105e+00,5.615237974248558916e-02,7.565681146093308218e-01
1.934668504313772353e+00,4.877965350086997665e-02,6.998904129733033441e-01
1.937047289244272052e+00,3.898232696096248090e-02,6.473045736766305236e-01
1.939422829809603455e+00,3.028626480220915351e-02,5.960319325619521935e-01
1.941801162930054447e+00,2.108960581676775151e-02,5.543884268721177566e-01
1.944179239057897579e+00,1.446434506416200728e-02,5.226514064892940903e-01
1.946557034846245759e+00,9.167693334570417574e-03,4.994674019074158977e-01
1.948937590416296883e+00,5.696397701649391979e-03,4.824720186395431432e-01
1.951314762526208613e+00,3.465723091145656541e-03,4.703677727693389432e-01
1.953691583608964111e+00,2.329526047753674011e-03,4.624491316052999346e-01
1.956071115926188098e+00,2.157266978977756631e-03,4.578346429547791030e-01
1.958447170997391629e+00,2.770073927975358948e-03,4.565903236547088073e-01
1.960825904438677769e+00,4.065602851961704067e-03,4.590430475754790907e-01
1.963204206118381423e+00,6.142064592098393783e-03,4.659456327651776419e-01
1.965582051840911504e+00,8.584840789834506658e-03,4.788584932482389811e-01
1.967959417301841540e+00,1.185899352966481891e-02,4.995777255084101198e-01
1.970339409318672352e+00,1.458342961895517202e-02,5.317235732316502039e-01
1.972715748465783570e+00,1.653513808681243355e-02,5.730296701142484350e-01
1.975094680156374904e+00,1.420708467502121777e-02,6.106143606568035231e-01
1.977473048443104009e+00,8.871611855206061950e-03,6.228478539208390785e-01
1.979850828500714810e+00,4.073903896155500748e-03,6.196379904480560086e-01
1.982227995395533071e+00,3.410055211592040707e-03,6.230048679334213579e-01
1.984604524085609167e+00,8.295933982600645074e-03,6.266458573835883561e-01
1.986983573776171186e+00,2.017915329519527970e-02,6.095973993008541036e-01
1.989361950099164611e+00,3.668426398827769053e-02,5.705382864860822911e-01
1.991739627709276261e+00,5.278235383158928068e-02,5.207118107451969014e-01
1.994116581153200896e+00,6.269878318987170962e-02,4.781205076989246683e-01
1.996495999787446962e+00,7.009651001792470415e-02,4.457750216082833616e-01
1.998874658345563660e+00,7.483461873715448187e-02,4.237338338757292711e-01
2.001252531070988550e+00,8.026703654761725704e-02,4.063208931304564397e-01
2.003629592099526402e+00,8.444977951151250162e-02,3.937163806421503653e-01
2.006009061087529410e+00,8.998200996249725025e-02,3.821261860260330989e-01
2.008384428391164267e+00,9.456196304563993515e-02,3.733157345522040149e-01
2.010762166794522354e+00,1.006230600599533342e-01,3.640515421034235533e-01
2.013142273146784511e+00,1.056606074568191000e-01,3.568360095403962928e-01
2.015518191284053184e+00,1.123468909317164172e-01,3.486444163863738344e-01
2.017896439964003363e+00,1.181878061328741208e-01,3.425305231326928324e-01
2.020273723858567294e+00,1.258086107591119829e-01,3.349596443276937618e-01
2.022653315995031953e+00,1.327378511395733984e-01,3.292936996483585843e-01
2.025031905392828957e+00,1.414946216417714286e-01,3.211792864841491180e-01
2.027409465173173775e+00,1.476002697041925438e-01,3.104983573183079382e-01
2.029785968350953596e+00,1.580600463511122045e-01,3.033133415033961722e-01
2.032164718651917390e+00,1.664372163448939179e-01,2.947417842576948721e-01
2.034542373648666747e+00,1.779021322798582661e-01,2.858644672112550245e-01
2.036922252485694695e+00,1.887420396986071724e-01,2.776686927332967514e-01
2.039297642718866488e+00,2.031919971880998821e-01,2.685573518519583369e-01
2.041678579620796796e+00,2.176554843185296850e-01,2.605433977033562720e-01
2.044054972850176011e+00,2.368479491183415886e-01,2.511086437325195098e-01
2.046433526721744833e+00,2.567080444570675191e-01,2.426533829531507536e-01
2.048810851376187347e+00,2.828524661830898457e-01,2.323431832284453824e-01
2.051190312403015081e+00,3.107873061129843295e-01,2.234046560472983944e-01
2.053568504069569922e+00,3.477871586046777375e-01,2.124183320721799717e-01
2.055945398294015458e+00,3.883557216579362481e-01,2.019696507052413381e-01
2.058324384012754305e+00,4.413347130979272115e-01,1.901941619633408520e-01
2.060702031599246808e+00,4.984908197255757401e-01,2.062944805983600582e-01
2.063078312672746772e+00,5.692239983134995684e-01,1.982910020329870793e-01
2.065456639593524102e+00,6.350498844209726546e-01,2.053942188632340571e-01
2.067833558764816893e+00,6.937945274868914103e-01,2.160672505539973365e-01
2.070212498216723152e+00,6.992271271836058011e-01,2.661580111122462955e-01
2.072589988335185041e+00,6.494457432015240395e-01,3.310797305422166770e-01
2.074969472860463071e+00,5.308073660115244508e-01,4.247742050393422120e-01
2.077347466120683439e+00,4.038055535399263651e-01,5.048282313396162957e-01
2.079723939049616721e+00,2.792458625634321456e-01,5.879079189822333795e-01
2.082102359006916092e+00,1.908346436855909434e-01,6.526089327930436612e-01
2.084479216156104542e+00,1.230852312459599085e-01,7.188244189110901683e-01
2.086857993654473997e+00,8.242910478065609836e-02,7.761181491495705576e-01
2.089235165520535009e+00,5.462185555262754483e-02,8.307985289726296241e-01
2.091614230747953052e+00,3.969251976596357284e-02,8.716343228840214286e-01
2.093991647171488779e+00,2.864495929487853934e-02,9.000492546963564378e-01
2.096370929659487015e+00,2.197788275964423360e-02,9.193744263016740970e-01
2.098748519824702452e+00,1.658480063650521336e-02,9.396799482909315993e-01
2.101127948448022309e+00,1.447548568841055400e-02,9.605766392096982687e-01
2.103505640882435745e+00,1.324447586865334751e-02,9.762992911915046035e-01
2.105881566995955634e+00,1.353122038252896342e-02,9.776380610827449802e-01
2.108259281488489290e+00,1.285606356942643920e-02,9.621782044443749626e-01
2.110638778281487493e+00,1.236007985700432465e-02,9.319106426937795451e-01
2.113016450109418187e+00,1.060129258800429977e-02,8.941733918697213346e-01
2.115395875701245210e+00,9.102082339031364669e-03,8.554663861537143976e-01
2.117773431421519081e+00,7.131552128680309667e-03,8.211159488865307221e-01
2.120149086564412588e+00,5.663771744194502633e-03,7.943011184710293549e-01
2.122526443941901597e+00,4.285591812761303625e-03,7.764250912631855961e-01
2.124905497063319437e+00,3.502227442560929428e-03,7.683623758586966002e-01
2.127282589459348561e+00,2.878649081481848664e-03,7.689787827655836239e-01
2.129661348130645226e+00,2.797987716105203825e-03,7.758700703481171690e-01
2.132041766401622240e+00,2.685808814356044870e-03,7.832899727665784129e-01
2.134416488630205944e+00,2.771461944118223508e-03,7.859197966206584729e-01
2.136796506809325980e+00,2.663503430884476327e-03,7.838855213110941245e-01
2.139174456954846537e+00,2.840239054254836346e-03,7.828552173363066968e-01
2.141550307510549533e+00,3.108285060464627356e-03,7.881621829820376623e-01
2.143931441358600143e+00,3.716298701180249103e-03,8.010697062880173247e-01
2.146306729584555040e+00,4.352211832862860202e-03,8.196381504747546343e-01
2.148687286870718527e+00,4.833916491635540172e-03,8.377158084054795451e-01
2.151065666753996908e+00,4.823395311800817223e-03,8.471123725572899943e-01
2.153441837210316567e+00,4.218875417067232715e-03,8.423952319985396064e-01
2.155819514621453603e+00,3.286118143483313537e-03,8.271914613030757479e-01
2.158198691568031347e+00,2.437956076737337642e-03,8.092792931707400994e-01
2.160575595509616864e+00,1.828336635134073223e-03,7.953711090836307340e-01
2.162953967401529898e+00,1.563992605339606726e-03,7.877096226238219367e-01
2.165330017974534726e+00,1.897792632128416594e-03,7.869295503717909090e-01
2.167711294571818659e+00,2.611589752980735153e-03,7.933178804014811014e-01
2.170086419534671851e+00,4.189289956965718160e-03,8.067310055513282618e-01
2.172466754975850289e+00,6.846116222665304778e-03,8.269394051664306078e-01
2.174844688110332491e+00,1.080419706355490415e-02,8.524674656723083555e-01
2.177220185986402434e+00,1.676577341107081051e-02,8.793646870487781264e-01
2.179600878863794833e+00,2.357491933212830376e-02,9.014088501140268272e-01
2.181979103711777057e+00,3.195185339604562219e-02,9.091290994920947499e-01
2.184354827302986468e+00,3.815133551147851382e-02,8.993403449491036428e-01
2.186731873089897693e+00,4.427877241130157016e-02,8.713949922548884786e-01
2.189110232802705447e+00,4.595370625629094374e-02,8.363623528113262040e-01
2.191489898121623092e+00,4.742973564593742225e-02,7.989960764759328482e-01
2.193866978681393132e+00,4.788433596236642276e-02,7.664620880773320710e-01
2.196245331200582740e+00,4.665748866938470435e-02,7.433555177492460198e-01
2.198624947167761245e+00,4.643004155650996140e-02,7.289583759820755793e-01
2.201001910734452061e+00,4.464063194978531296e-02,7.264195145188224734e-01
2.203380103664479339e+00,4.429033246269073465e-02,7.333922837370291381e-01
2.205755593071625942e+00,4.190131620827296927e-02,7.517484319891417632e-01
2.208136210091760532e+00,4.055731689356048553e-02,7.752336409873943346e-01
2.210514089066549559e+00,3.695514029737670403e-02,7.991468631083555874e-01
2.212889195676467580e+00,3.397006821724667808e-02,8.123143814346025504e-01
2.215269411685253598e+00,3.173286696807547935e-02,8.090578500194278710e-01
2.217646820369182592e+00,3.000222787056699633e-02,7.924092289867586958e-01
2.220025362245094058e+00,3.054318014469489806e-02,7.674668318818319568e-01
2.222401044539729753e+00,3.173693490196434486e-02,7.407444798957023568e-01
2.224781816787405386e+00,3.523707709958107809e-02,7.131516566771348709e-01
2.227159693927706297e+00,3.937979082828006044e-02,6.874060505874236560e-01
2.229538650259491828e+00,4.713644802843644510e-02,6.636376123134690719e-01
2.231914658585150590e+00,5.682502365998944732e-02,6.448352018929799367e-01
2.234291710139395537e+00,6.986903961673662788e-02,6.312153725285218897e-01
2.236669795394403248e+00,8.967095130748771459e-02,6.192613278671912358e-01
2.239048904770509107e+00,1.125913339913804934e-01,6.122542169495173159e-01
2.241424976510854261e+00,1.426652089107824650e-01,6.036325750418722880e-01
2.243806096568353503e+00,1.637005251774203141e-01,6.032565396592047824e-01
2.246184142332022571e+00,1.751011689825829609e-01,6.051904248808950282e-01
2.248559078140137224e+00,1.594259048481012075e-01,6.265399215805781408e-01
2.250939041398960061e+00,1.369278999740895786e-01,6.545795898590980322e-01
2.253315857608640727e+00,1.142071986518706506e-01,6.873548123479913396e-01
2.255693594709365701e+00,9.244506084793012446e-02,7.239836791882631184e-01
2.258072242628007320e+00,7.843585148810931773e-02,7.567683550146125926e-01
2.260451791238908381e+00,6.479550614812830400e-02,7.930053786839728058e-01
2.262828100482377369e+00,5.678816469144371687e-02,8.278648761460490890e-01
2.265205272630280042e+00,4.687801136860800244e-02,8.670249840430059862e-01
2.267583297361956962e+00,4.021181517135544864e-02,9.027512003790112427e-01
2.269962164303962027e+00,3.446856742703193616e-02,9.332170718237529083e-01
2.272341863029972320e+00,2.776861344493151973e-02,9.566427151328411593e-01
2.274718209664019053e+00,2.320542109823943780e-02,9.676365467188258185e-01
2.277095349600728014e+00,1.780517190829727231e-02,9.685479812499063756e-01
2.279473272218509372e+00,1.463736493469057140e-02,9.583605091491466110e-01
2.281851966842678436e+00,1.109770918209179724e-02,9.424309738635922029e-01
2.284231422745374829e+00,9.216695844093411930e-03,9.225595848136350918e-01
2.286607412008805351e+00,8.280367757543172572e-03,9.024777059134843071e-01
2.288984123377203694e+00,7.654846361120512706e-03,8.849202279748392685e-01
2.291365780618124681e+00,8.188131940317519564e-03,8.705098081836317725e-01
2.293743912168016763e+00,8.775752144575217628e-03,8.606518074490131509e-01
2.296118480612924895e+00,1.047338345438692843e-02,8.544222236083144351e-01
2.298497970634805210e+00,1.215849078685854977e-02,8.522555735852782588e-01
2.300878127611091895e+00,1.411051389405769407e-02,8.532883428955746474e-01
2.303254661586480623e+00,1.690901930424959163e-02,8.562845821733624518e-01
2.305631822391659203e+00,1.933441529303828524e-02,8.614459526156805769e-01
2.308009598693951503e+00,2.324558294596328067e-02,8.662132978206823486e-01
2.310387979106963030e+00,2.714690545654527970e-02,8.710474648284828314e-01
2.312766952190511649e+00,3.198928550166365431e-02,8.741561066296845706e-01
2.315142183405042520e+00,3.977212063948902532e-02,8.724412281041648010e-01
2.317522298400336744e+00,4.824267243143937761e-02,8.668872859775027528e-01
2.319898630583908439e+00,6.104465049840508001e-02,8.534037844303272724e-01
2.322279841038421555e+00,7.318351059946848203e-02,8.371121998104190665e-01
2.324657227477955335e+00,8.475055844801807070e-02,8.189285445647602746e-01
2.327035118932285318e+00,9.774961433245694942e-02,7.977403068601419678e-01
2.329413503549994768e+00,1.072690850484860070e-01,7.788837730405232529e-01
2.331787983991368662e+00,1.197188170320669098e-01,7.568628518381574910e-01
2.334167310210840451e+00,1.286603988198908588e-01,7.392406195925188550e-01
2.336547093703715827e+00,1.364250894863316410e-01,7.253679468239873085e-01
2.338922910089027418e+00,1.450196605500198022e-01,7.149418971100884868e-01
2.341303562883347844e+00,1.485339386426193509e-01,7.149462365078120829e-01
2.343680206292833024e+00,1.542453629444373309e-01,7.188609778188019828e-01
2.346057240367172003e+00,1.533879893725949850e-01,7.349510707992068514e-01
2.348434652788937260e+00,1.485583802357030858e-01,7.591445189087052681e-01
2.350812431186368734e+00,1.421607733927326700e-01,7.865766473168014361e-01
2.353190563133336077e+00,1.275585938294472310e-01,8.198058615188159592e-01
2.355569036149298690e+00,1.123696385811246423e-01,8.473470166656618119e-01
2.357947837699267524e+00,9.520683137782538774e-02,8.678129732528611084e-01
2.360326955193766896e+00,7.588435897150155873e-02,8.809608530532769821e-01
2.362701873503119110e+00,6.048393293638094914e-02,8.827319148632284396e-01
2.365081575825791482e+00,4.466639399903279961e-02,8.797207679656106061e-01
2.367461555987104838e+00,3.255112237065507785e-02,8.699944824004897104e-01
2.369837271457410743e+00,2.248511158538576624e-02,8.566719196429264382e-01
2.372213220904162867e+00,1.346007653794978505e-02,8.420833420932418711e-01
2.374593939286923305e+00,7.111855933833020720e-03,8.266013950538554367e-01
2.376970326898085517e+00,2.526664765736165962e-03,8.127786493299467008e-01
2.379346909490778650e+00,6.314543110078715176e-04,8.010190115008516409e-01
2.381728249229686956e+00,2.014085322332882701e-03,7.913251443208388913e-01
2.384105191535353274e+00,8.365925360354142110e-03,7.816571310710792586e-01
2.386482289336266938e+00,2.177467955056222246e-02,7.691217804919733281e-01
2.388859529357821643e+00,4.372983820666408866e-02,7.477398073150366420e-01
2.391236898270765909e+00,7.203236490151471161e-02,7.210636738271199997e-01
2.393619003764643427e+00,1.044571733404120739e-01,6.851010929256738935e-01
2.395996599438805941e+00,1.309599210279062953e-01,6.558598556931668488e-01
2.398374283698073040e+00,1.492174956534956798e-01,6.365179314495200691e-01
2.400752042994434454e+00,1.654009218876566212e-01,6.235005623404260566e-01
2.403129863725176119e+00,1.735802160845517639e-01,6.235340781346894179e-01
2.405507732232872620e+00,1.777213289003608254e-01,6.318551426111284064e-01
2.407885634805378317e+00,1.846496902953086439e-01,6.413013201033259669e-01
2.410263557675826007e+00,1.834646871383699973e-01,6.619641274351596438e-01
2.412641487022620712e+00,1.856407373309786613e-01,6.809510589721118334e-01
2.415019408969439230e+00,1.880759902641428172e-01,7.057968142613619822e-01
2.417397309585231913e+00,1.822491356434312870e-01,7.293234943086637223e-01
2.419775174884221780e+00,1.791054907735142310e-01,7.591227004592056016e-01
2.422152990825908514e+00,1.751781295308008912e-01,7.812197752738681000e-01
2.424530743315073789e+00,1.629205456782432115e-01,8.079113632880898788e-01
2.426908418201789264e+00,1.560925112873315368e-01,8.255177715607907585e-01
2.429286001281421470e+00,1.419761560954430624e-01,8.453745816790273482e-01
2.431663478294642911e+00,1.253637024530316335e-01,8.633963279637909549e-01
2.434040834927446273e+00,1.144591633354714727e-01,8.722282049717591246e-01
2.436422844634672291e+00,1.004513187549367775e-01,8.814855621226413973e-01
2.438799926692925002e+00,8.722533829180269260e-02,8.886371741482520514e-01
2.441176845109251925e+00,8.102138338167708120e-02,8.887203425987959537e-01
2.443553585351005086e+00,7.528481112334561853e-02,8.891386227377164886e-01
2.445930132830938852e+00,7.231444196743878894e-02,8.882861984114359677e-01
2.448311307568818762e+00,7.700095310955666628e-02,8.817538079361930681e-01
2.450687434933867870e+00,8.327766115282521364e-02,8.755374759208774949e-01
2.453068178922694020e+00,9.230390685729669698e-02,8.681846553481079587e-01
2.455443827201868601e+00,1.093756256475992006e-01,8.540454737875466940e-01
2.457824081285056472e+00,1.271434248711375836e-01,8.397763093466208417e-01
2.460199191070725266e+00,1.467822787250745720e-01,8.234693263736803104e-01
2.462578895654787381e+00,1.751709466657984104e-01,7.977634917622581368e-01
2.464958307733604137e+00,2.022723265344770760e-01,7.721527275866202356e-01
2.467332502158201546e+00,2.290205396692769901e-01,7.454262648397824709e-01
2.469711274537423229e+00,2.620235876748045478e-01,7.110783623068822612e-01
2.472089709077717856e+00,2.879415587015829447e-01,6.825878160432939934e-01
2.474467790561501790e+00,3.088547815089147663e-01,6.580515137927296365e-01
2.476845503716746499e+00,3.333009203926757813e-01,6.293959374681841190e-01
2.479222833217026967e+00,3.485720710514927934e-01,6.096921427237310676e-01
2.481599763681567428e+00,3.581884914370141448e-01,5.960007517663539200e-01
2.483981256237295376e+00,3.711959073406855270e-01,5.799494652281478313e-01
2.486357351796226300e+00,3.719903211234392160e-01,5.775793734837517679e-01
2.488737997498906118e+00,3.646300185199302657e-01,5.852613906731878313e-01
2.491113196007286756e+00,3.562670399929163123e-01,5.960208910910218538e-01
2.493492932524325134e+00,3.427680388884407070e-01,6.139516939646684213e-01
2.495872195725481024e+00,3.169735554577178815e-01,6.457559676868562804e-01
2.498245935968249398e+00,2.924615254424107191e-01,6.770682740601614569e-01
2.500624195678618378e+00,2.658344631697945326e-01,7.104273034122490227e-01
2.503001934687554719e+00,2.309970767404202763e-01,7.509870149922002192e-01
2.505384199785404054e+00,2.014061144363561429e-01,7.849618030258028734e-01
2.507760859244102747e+00,1.744451980657945600e-01,8.138659594072411574e-01
2.510136950143142087e+00,1.467814356241581020e-01,8.414079815822427255e-01
2.512517547981021337e+00,1.208960811790552176e-01,8.652909400923455285e-01
2.514892463148078239e+00,1.005916750566980405e-01,8.824048892798002086e-01
2.517271872260600674e+00,8.052760472279742177e-02,8.984266696755683901e-01
2.519650667552726819e+00,6.280984228313328532e-02,9.115227933849155972e-01
2.522028832766149087e+00,5.140669420477347873e-02,9.184618120053096302e-01
2.524406351588751818e+00,4.382986840654879562e-02,9.221905578174650620e-01
2.526783207654688557e+00,4.204702550398978222e-02,9.207749740767066093e-01
2.529159384544463762e+00,4.898766370894828970e-02,9.114506382024769593e-01
2.531540034735527911e+00,6.087636613713833661e-02,8.979277340988854883e-01
2.533914813502587737e+00,7.617615570429119021e-02,8.813786616470682400e-01
2.536294051902468372e+00,9.501837016824328519e-02,8.618810379841993496e-01
2.538672564369699458e+00,1.148657431217541269e-01,8.424307149442835652e-01
2.541050334235800179e+00,1.298633005524160722e-01,8.289785722589323447e-01
2.543427344778853350e+00,1.388285009494911737e-01,8.225145180566086900e-01
2.545808806606810748e+00,1.455170178105761880e-01,8.190429780479864252e-01
2.548184257884455128e+00,1.494659190777732072e-01,8.186194152600274609e-01
2.550564146289386880e+00,1.468486708747401559e-01,8.244535344788563869e-01
2.552943227520946490e+00,1.397765897966120330e-01,8.337385394152974083e-01
2.555321484608414462e+00,1.343489878767501200e-01,8.402860955694901879e-01
2.557698900527907160e+00,1.310776285999702695e-01,8.442696251167438604e-01
2.560075458202479837e+00,1.259376744141974536e-01,8.471677340309780035e-01
2.562451140502226998e+00,1.206368203870379768e-01,8.534783004822764640e-01
2.564831236037994344e+00,1.188237770528823706e-01,8.564632256723690995e-01
2.567210441454971015e+00,1.193255186517669514e-01,8.572636941209340611e-01
2.569588739480965334e+00,1.171315640177051781e-01,8.609111878002484453e-01
2.571966112790943892e+00,1.125923446697696395e-01,8.672490064831542833e-01
2.574342544007147904e+00,1.101646838696234837e-01,8.714594862962814492e-01
2.576723370808659652e+00,1.093881837639241461e-01,8.739046720065573037e-01
2.579097875367938553e+00,1.065764005146812993e-01,8.777202546177838016e-01
2.581476760275176030e+00,1.034424881100859672e-01,8.826214645437173711e-01
2.583854652848235123e+00,1.049626574849599203e-01,8.808500456625227848e-01
2.586231535461967379e+00,1.110394010518694907e-01,8.733603977858688250e-01
2.588612795081014717e+00,1.178741875183657306e-01,8.644233666788229131e-01
2.590987614612529910e+00,1.256056690112348773e-01,8.539001702115848191e-01
2.593366795512073164e+00,1.384438546477012588e-01,8.377600217242796576e-01
2.595744915317689472e+00,1.554226128339780133e-01,8.172601327068265142e-01
2.598121956157397161e+00,1.702502309960720051e-01,7.987995447402256310e-01
2.600497900107185067e+00,1.858172276797877276e-01,7.795531060058579209e-01
2.602878193565458798e+00,1.996424834381544111e-01,7.620982438870804732e-01
2.605257374095403922e+00,2.164128472696054406e-01,7.419304738107570518e-01
2.607635423630717320e+00,2.353406302787389992e-01,7.200518793965038356e-01
2.610012324053281763e+00,2.498085077537410548e-01,7.032613218161068991e-01
2.612388057193310686e+00,2.593672164985057482e-01,6.922447682791201817e-01
2.614768119240192146e+00,2.704672516889208289e-01,6.807581579925807702e-01
2.617146997564059774e+00,2.779449290211573054e-01,6.740510461630306871e-01
2.619524673852972718e+00,2.837350768781144450e-01,6.701018547436187189e-01
2.621901129743555270e+00,2.812032248033988213e-01,6.752874504264879674e-01
2.624281901432961472e+00,2.710912289993344659e-01,6.884648188776502087e-01
2.626655871285938915e+00,2.607442976783254096e-01,7.018100890739281672e-01
2.629034140094493655e+00,2.493193076761065774e-01,7.156886481105718678e-01
2.631416719546495031e+00,2.298906456488749306e-01,7.367230993374945802e-01
2.633792431410708623e+00,2.087542276274355069e-01,7.583694631483575144e-01
2.636172436860944934e+00,1.848363967244467942e-01,7.816289832398646276e-01
2.638545517161249965e+00,1.643506119416199007e-01,8.005027956442227755e-01
2.640928499105384297e+00,1.474478968392033962e-01,8.152451723715287146e-01
2.643304518349861354e+00,1.305137923438918213e-01,8.299530846352273228e-01
2.645684816809926954e+00,1.173183792467662884e-01,8.412475655080114967e-01
2.648058094547728558e+00,1.064064568992160870e-01,8.509181852473692853e-01
2.650435633945297020e+00,1.018819310730983557e-01,8.550288021298472207e-01
2.652817446491849473e+00,1.012554184732968598e-01,8.560433323409190054e-01
2.655192171178932803e+00,1.059649857270647116e-01,8.524323462835721177e-01
2.657571151243650398e+00,1.116648462219674426e-01,8.484432361688278856e-01
2.659948691486012429e+00,1.199933241693141028e-01,8.424222487609723808e-01
2.662330489570499559e+00,1.279638364696328023e-01,8.372616097541513147e-01
2.664705102769717726e+00,1.391754392268783336e-01,8.292862585633454797e-01
2.667083955729373734e+00,1.501927073470059604e-01,8.218241096937928258e-01
2.669461312276356413e+00,1.629361111541599294e-01,8.127560243846928545e-01
2.671837153036051848e+00,1.709923781679135446e-01,8.082391170063102370e-01
2.674217226595466013e+00,1.770125339738717885e-01,8.053068015425779436e-01
2.676595765975274599e+00,1.808254160418398815e-01,8.038632887228842616e-01
2.678972751659991935e+00,1.798407346526731398e-01,8.063431607165156834e-01
2.681353962923400225e+00,1.794134538271358048e-01,8.073332157773395190e-01
2.683727792746523733e+00,1.764680356285484586e-01,8.100288912055694235e-01
2.686105829445210702e+00,1.739282209361119047e-01,8.117080235587702530e-01
2.688488084212449003e+00,1.663205050300488319e-01,8.181453761119998891e-01
2.690862888123974894e+00,1.572946217743610431e-01,8.260139808018970298e-01
2.693241891183510539e+00,1.449399810997659133e-01,8.374554299180948513e-01
2.695619243808531795e+00,1.355458625024428265e-01,8.463203314814281564e-01
2.697994926104692492e+00,1.266012817633324627e-01,8.550959617784429367e-01
2.700374799530429026e+00,1.187722929453939313e-01,8.629545695512989001e-01
2.702752983395575903e+00,1.149550741248888674e-01,8.666426786060149601e-01
2.705129457665879755e+00,1.114094762054391174e-01,8.695043806114216567e-01
2.707510114782492927e+00,1.110626304222662730e-01,8.682638790275606366e-01
2.709889042854494612e+00,1.142998340685272424e-01,8.622985900733061149e-01
2.712266221707900993e+00,1.213598177932981859e-01,8.512546845770048165e-01
2.714641631120770615e+00,1.299819023674435581e-01,8.374245292079109948e-01
2.717021204959639391e+00,1.439119370879196058e-01,8.172219862132272805e-01
2.719398989596979010e+00,1.598091455776178837e-01,7.941795907132918053e-01
2.721774964671693997e+00,1.764266428561298838e-01,7.697583146113519126e-01
2.724155095219163325e+00,1.924446741283049600e-01,7.455810311219885911e-01
2.726533396224594785e+00,2.094410394484009508e-01,7.204675260865132103e-01
2.728909847187990234e+00,2.210449190627250260e-01,7.011382813687679905e-01
2.731290444402350470e+00,2.299573984004748273e-01,6.852268041063790394e-01
2.733669171376605700e+00,2.360787028397177967e-01,6.731407263154675080e-01
2.736046007472129116e+00,2.394774991367134009e-01,6.650383743517300772e-01
2.738420932003415853e+00,2.375139704452267631e-01,6.635906375531848145e-01
2.740799983049091892e+00,2.365775437725995967e-01,6.622685883607956070e-01
2.743177102021586489e+00,2.337102817442691938e-01,6.639483656959245250e-01
2.745558347964158319e+00,2.294885534962051721e-01,6.681693445714927959e-01
2.747937641197727654e+00,2.244166474344916340e-01,6.740882698238216397e-01
2.750314960807459741e+00,2.219673890592962773e-01,6.780606254034202696e-01
2.752690285832279038e+00,2.165515099466326365e-01,6.857221766779459937e-01
2.755069717329380996e+00,2.120627394677292443e-01,6.931756934317901964e-01
2.757447133295085617e+00,2.087956581757184626e-01,7.001250784667202298e-01
2.759822512631141755e+00,2.071086510645203105e-01,7.066588645980639294e-01
2.762201987996263153e+00,2.070733848880347561e-01,7.119149243965988694e-01
2.764579405566437664e+00,2.087106160325001847e-01,7.162204988257001581e-01
2.766960919131962182e+00,2.119293083655527099e-01,7.192373366745856700e-01
2.769334167959193405e+00,2.165793470401276011e-01,7.210213877077130684e-01
2.771717687672561325e+00,2.223584290871534752e-01,7.216413338308504954e-01
2.774092899949887059e+00,2.285708916707255567e-01,7.214912005261643335e-01
2.776472186575843271e+00,2.343697363437063086e-01,7.211695581971466762e-01
2.778849329813015245e+00,2.355986714751482636e-01,7.246669676905541646e-01
2.781224308154069291e+00,2.382859664442545655e-01,7.258299585377013807e-01
2.783603349577585373e+00,2.383272820055859775e-01,7.286684760328372423e-01
2.785980204283322159e+00,2.355393621023130768e-01,7.334078033914210870e-01
2.788361121540816612e+00,2.302378492670412724e-01,7.398849122789614707e-01
2.790739830130332333e+00,2.228939825044278511e-01,7.478003374032528017e-01
2.793116308318245977e+00,2.141474958959021790e-01,7.567344800143881445e-01
2.795496837376052479e+00,2.049312512453156931e-01,7.659916728356161997e-01
2.797875113863212526e+00,1.961683455606284543e-01,7.748274110864962205e-01
2.800251115911298605e+00,1.885035968714880161e-01,7.826340719471791552e-01
2.802631156870153184e+00,1.824769626281842472e-01,7.888274822041513312e-01
2.805008901002245647e+00,1.785946759978248866e-01,7.927956768953757782e-01
2.807384326304926958e+00,1.770889718007414293e-01,7.940774025226662314e-01
2.809763778281390234e+00,1.779028875478118610e-01,7.925248431287224005e-01
2.812140888822362683e+00,1.808999818725985087e-01,7.881134817648806079e-01
2.814515635791587478e+00,1.859098928152638497e-01,7.809008481723653805e-01
2.816894396919202848e+00,1.924732582700531547e-01,7.712469194119579985e-01
2.819277182391831005e+00,2.000092615468341273e-01,7.597491465930706900e-01
2.821651159259273456e+00,2.079383142633573767e-01,7.470850122177653541e-01
2.824029137518142551e+00,2.158065432378688808e-01,7.337948327418074568e-01
2.826411127293623426e+00,2.231125292882618072e-01,7.205066844130906256e-01
2.828784230557050972e+00,2.294171709660434433e-01,7.078879382566056755e-01
2.831161322165572702e+00,2.345344892011902438e-01,6.963978896417289954e-01
2.833542412182134651e+00,2.383718225897659970e-01,6.863181087869123509e-01
2.835921024016914149e+00,2.408641129866567754e-01,6.779532344480719841e-01
2.838297135088118761e+00,2.420944108149019058e-01,6.715059530311694447e-01
2.840677231205615438e+00,2.422687462399041869e-01,6.669560741651623381e-01
2.843054803040627743e+00,2.446817274069413573e-01,6.610641219040629402e-01
2.845429827880051832e+00,2.435205750292969984e-01,6.597784899983539786e-01
2.847808824123101878e+00,2.419651897407021912e-01,6.599804688781294448e-01
2.850185249634491935e+00,2.402477792066496642e-01,6.613714250367828118e-01
2.852565644594050376e+00,2.385758741127702587e-01,6.636177192543882830e-01
2.854943444955898801e+00,2.371893742902787816e-01,6.664195341828897945e-01
2.857318627786822773e+00,2.362795627350287586e-01,6.694727224402378107e-01
2.859697765996172869e+00,2.359686903935164504e-01,6.724038094799583698e-01
2.862080869472485301e+00,2.363454002129815601e-01,6.749590264676846862e-01
2.864454712355927857e+00,2.375270345951255857e-01,6.769090433298821097e-01
2.866832496293459265e+00,2.393646145696273764e-01,6.782823181299375559e-01
2.869214231107640511e+00,2.383171540144168876e-01,6.824317514556447195e-01
2.871586624881306449e+00,2.407495450993794583e-01,6.829862294139721346e-01
2.873969606985570024e+00,2.433657260629456254e-01,6.832699908332395822e-01
2.876343201527446158e+00,2.458516185055598935e-01,6.835776258640655634e-01
2.878720719985517373e+00,2.479505128166488159e-01,6.840366751178710292e-01
2.881102172098087610e+00,2.497304471886292732e-01,6.849403859523984783e-01
2.883480861554354568e+00,2.511179953932904940e-01,6.862460940179121449e-01
2.885856764896066906e+00,2.520220038283785269e-01,6.880002892419603278e-01
2.888236586815389195e+00,2.558468617027416236e-01,6.867611887828286577e-01
2.890613597715197436e+00,2.568516817908806926e-01,6.883272326731331159e-01
2.892994524384758570e+00,2.579886150596233940e-01,6.896138725885101461e-01
2.895365853522527733e+00,2.554712551280408639e-01,6.942002023981638237e-01
2.897747845885614293e+00,2.561061864377392472e-01,6.952333361674390977e-01
2.900126977032283726e+00,2.569865920683779836e-01,6.955378709366593082e-01
2.902503223200517901e+00,2.620444594607179156e-01,6.910755343458994115e-01
2.904883366561006319e+00,2.641294507656450352e-01,6.889290699466880108e-01
2.907260599562923709e+00,2.665247643103280661e-01,6.858385836945696257e-01
2.909634898318774088e+00,2.648843305693345807e-01,6.861702746379698681e-01
2.912013078324352744e+00,2.663697198688700363e-01,6.827151179718805585e-01
2.914395149104420657e+00,2.710295639074367102e-01,6.752299758742894564e-01
2.916774258379155604e+00,2.728828771006717724e-01,6.706318425296192709e-01
2.919150382085439865e+00,2.744821361071328458e-01,6.659394155338510535e-01
2.921523496123781261e+00,2.719864578190068216e-01,6.651445937109967677e-01
2.923907367138645963e+00,2.719300226929053377e-01,6.619190810676163217e-01
2.926281318344463589e+00,2.714400052112279083e-01,6.593165215194550788e-01
2.928659127554641639e+00,2.744735989819035438e-01,6.534524851822248737e-01
2.931040804181527015e+00,2.742047674490421527e-01,6.513067549310027626e-01
2.933419417291878162e+00,2.739930313564876707e-01,6.494424174807466033e-01
2.935794942524495799e+00,2.697297273971049347e-01,6.520966768378878564e-01
2.938174318344370928e+00,2.687600750045151532e-01,6.518896908768818665e-01
2.940550579959972044e+00,2.715364471313159167e-01,6.484014786849741085e-01
2.942930688311046872e+00,2.721443994474024297e-01,6.475722570019079027e-01
2.945307656001242336e+00,2.733551443646671242e-01,6.465134005794981320e-01
2.947681458460930770e+00,2.714613436965829241e-01,6.487820062510941677e-01
2.950059090390392047e+00,2.731699508675926036e-01,6.477175128230071577e-01
2.952440561063782720e+00,2.755185228350537918e-01,6.463398050332567202e-01
2.954818837778843132e+00,2.826578027453143238e-01,6.403058423591952986e-01
2.957193895793339244e+00,2.876419664394130882e-01,6.365722701764847669e-01
2.959572774981745535e+00,2.879888657326188373e-01,6.376224838378961035e-01
2.961955484573179920e+00,2.968068136315754613e-01,6.304165931731474659e-01
2.964327858985216224e+00,2.991838591489871524e-01,6.295926701296096217e-01
2.966711135514628506e+00,3.040468876592997693e-01,6.263330614159219323e-01
2.969084027002956372e+00,3.139241987091663799e-01,6.180987126800455700e-01
2.971467838945096585e+00,3.161766021974210528e-01,6.174319490035500291e-01
2.973841215813263883e+00,3.207664603613329946e-01,6.142679962154330431e-01
2.976218387048926051e+00,3.304277437399564810e-01,6.058797242700121322e-01
2.978599361758565323e+00,3.316699648476605922e-01,6.056726706151277506e-01
2.980976981837772488e+00,3.351048234796840108e-01,6.028825351090025819e-01
2.983351222083469256e+00,3.436552862676787723e-01,5.945971105867375872e-01
2.985729247336589065e+00,3.432197193147971670e-01,5.949216090348398156e-01
2.988111066655426029e+00,3.493085683784025730e-01,5.882515219145890706e-01
2.990489476071835462e+00,3.523011101237907838e-01,5.842365969170453255e-01
2.992864450213154281e+00,3.500526772831546451e-01,5.850918141819123619e-01
2.995243199646329124e+00,3.549418809508620432e-01,5.784898295868368123e-01
2.997618485893688511e+00,3.566846935624663484e-01,5.747287589321548040e-01
2.999997542427555786e+00,3.530256431554327778e-01,5.761520086210192293e-01
