k,center_eV,amplitude,gamma_i,gamma_e,N
15.5,1.219289,0.00786417087689775,0.01515352245284848,9.483339854733468e-05,1.0009988852179488
16.0,1.236753,0.019517436241041068,0.0128096724859439,0.00020431669401246963,1.0009999985514524
16.25,1.246407,0.009684575107244988,0.00011414966114586659,0.014676679327862228,1.000999986822122
16.75,1.263503,0.010124486171610094,0.010844234451563173,8.788067238552004e-05,1.0009999139056087
17.25,1.220092,0.01739903701195447,0.00017168776571267665,0.012076916871952729,1.0009999984928255
17.25,1.281945,0.025883530344605263,0.0001308168333864652,0.005931922562082288,1.0009999913604612
17.5,1.293991,0.007527070238638406,0.013112070346897882,7.890478802019283e-05,1.0009999995823644
17.75,1.118844,0.011945739638585862,2.0676465945407657e-05,0.0021456134067304074,1.0004529457926026
17.75,1.232078,0.01723037941005609,0.0001346515568549527,0.009534317020630529,1.0009999878607483
17.75,1.298504,0.018337326559765048,0.00014586281535941632,0.009681822383803012,1.0009999989268346
18.0,1.241373,0.0107541217679041,0.011705269435560167,0.00010141695115117436,1.000999999808172
18.0,1.307309,0.025461226324244097,9.271523540741674e-05,0.004399525330555185,1.000944812869834
18.25,1.255853,0.011211538395373167,9.020931747145288e-05,0.00992271765192819,1.0009999997337025
18.25,1.325549,0.008792384144715108,8.103472810977916e-05,0.011537849701568447,1.0009943120551479
18.5,1.260464,0.01861244509764867,0.0001539841605460063,0.010074032946261162,1.0009999951318327
18.5,1.329428,0.022732893744901842,0.0001888334815865028,0.010044681102804664,1.0009999925029078
18.75,1.118082,0.015913497057044326,2.5312184228364173e-05,0.0006856350251193653,1.00078873340996
18.75,1.267556,0.014495486774886828,0.00015751808015561372,0.013401959417703425,1.000999984228022
18.75,1.334107,0.023511001052923416,0.000221347040450737,0.011417359050206207,1.0009999922022281
19.0,1.282178,0.01362167392343527,8.768655901355516e-05,0.007895528346669381,1.0009788372321078
19.5,1.148835,0.00924045039478464,4.154051267716265e-05,0.0054034392799195835,1.0009999995398124
19.5,1.201221,0.01893486742152811,7.374657253631704e-05,0.004570248878207504,1.0009999360791622
19.5,1.305664,0.017007739551323647,0.00012489890671988857,0.008930117963452125,1.0009999575158868
19.75,1.158247,0.016790841811597353,3.8465133297118195e-05,0.0022151509190351222,1.0009999935430571
19.75,1.210584,0.02631364316917359,8.378879421709123e-05,0.0034763460898941164,1.0009998286295445
19.75,1.315178,0.022518265576492585,0.00015189024483323963,0.008098736248416984,1.0009999849403948
20.0,1.174904,0.008720013733531453,4.94722228407927e-05,0.0069057341034687155,1.0009999987135136
20.0,1.225603,0.022379167176482542,8.989270220606706e-05,0.004884476944427221,1.0009999969872863
20.0,1.327181,0.017093310491499158,0.00016076428557949875,0.01152187846045323,1.0009999993993026
20.25,1.239686,0.013054337299436265,0.001693155386799717,2.006059190466763e-05,1.0009862637981524
20.5,1.196217,0.012275802185161968,4.430538057647889e-05,0.0042127775313395245,1.000999993952734
20.5,1.246321,0.03936175194567395,0.00010164804349515706,0.0025991105013485486,1.0009999664898044
20.75,1.205778,0.014537986478365872,3.84562019983892e-05,0.0028184345131179174,1.000999981528617
20.75,1.255854,0.03225248708417228,6.294550490869144e-05,0.0016112283047766687,1.0009992119939586
21.0,1.217681,0.01918395053505641,6.12956602726262e-05,0.0035589277079052465,1.0009999954716298
21.0,1.267625,0.017611869902832384,5.800446447811059e-05,0.003700755635258853,1.0009999908894989
21.25,1.22467,0.04104002659325169,0.00010462212866497512,0.0026345753007982644,1.0009999056463117
21.25,1.232112,0.01734293309640887,0.0001717498063953894,0.012146214156637719,1.00099990405708
21.25,1.277043,0.024572910554101216,0.000132654788889003,0.006412626649358638,1.0009999993750782
21.25,1.281924,0.023695619601072856,0.00012213517311241535,0.006074385006752792,1.0009998577122803
21.5,1.244341,0.013855993156113444,7.241199758639235e-05,0.0064157221047370875,1.0009974381703823
21.5,1.291391,0.01754925784298794,6.225323447092708e-05,0.004054440052549558,1.0009999961570852
21.75,1.248492,0.02026776172069478,8.691162730065849e-05,0.005052907125442189,1.0009999862497818
21.75,1.301114,0.01620964498138594,6.633930533205124e-05,0.004855557373013755,1.000999987091404
22.0,1.309066,0.019787354538175223,3.2596774118482963e-05,0.002008983982476126,1.0008878504000713
22.25,1.277065,0.040079020013981025,0.00013943025041525224,0.0038237883357001338,1.0009999924795037
22.25,1.324659,0.04338049790391187,0.00016922894310039476,0.004317871348070811,1.0009998884214895
22.5,1.286696,0.02097624531945932,8.186709342644504e-05,0.0044932013946895315,1.0009999998899883
22.5,1.336508,0.015018243990142843,6.896708413126942e-05,0.005480619997524862,1.0009999995818388
22.75,1.301088,0.017595698026882416,4.373970803469545e-05,0.002665343984129313,1.000999979479448
23.0,1.315316,0.020344248204709526,3.620904169590955e-05,0.001276021036200479,1.000999957942885
23.25,1.31804,0.015606678331223475,6.437981099733304e-05,0.005005346287126904,1.000999995206696
23.5,1.336396,0.02121035880127404,0.00010165328832243598,0.005718405552640882,1.0009999674432568
