energy_eV,center_k,amplitude,width
1.099999,12.658685988919284,0.002759474051166887,0.20662692744952982
1.099999,17.334355352379408,0.0037080252117443506,0.0446392097414915
1.102376,17.371928910138205,0.0029900047981299346,0.08651859974359254
1.10713,18.66072628623517,0.003938597733246173,0.05208394489878563
1.109508,14.730122074762255,0.003275232274851064,0.3640822705365282
1.109508,18.67604353568228,0.002126039526904357,0.17943731742241642
1.116643,18.83423241702435,0.004002805119361164,0.11822633095986324
1.1214,17.757156006139482,0.0014119112120157045,0.1304472798974975
1.123778,15.112063947834887,0.003421933613579609,0.18745036585758737
1.123778,18.935184393497707,0.0019063183056123422,0.1298352767128816
1.126156,15.093075150044598,0.0028011670525665377,0.21864888144216776
1.126156,17.912555135774568,0.0023127512031975756,0.10134199777095483
1.128535,15.091510547729627,0.004213510845514701,0.4635318846616918
1.128535,17.952839249071875,0.002627946705170087,0.1261728888844972
1.130912,13.552888369077856,0.004753976107179386,0.33785666661999003
1.130912,17.961970460851617,0.002565472740429614,0.12221743062083217
1.13329,13.598677978803876,0.004881872943343992,0.4279250117804154
1.13329,17.94528772846065,0.002111829360804231,0.11051621388030762
1.135667,13.554517117881757,0.004045184295911817,0.35580691986280516
1.138044,13.629679794357745,0.0042254667540576295,0.3862840841185801
1.142806,15.459027987449762,0.003227647219806678,0.18081486237748157
1.142806,18.289281957561386,0.0024785956430783103,0.19979246100357378
1.14994,18.337952700147106,0.003259895193599086,0.12542256227388346
1.154695,18.540113809865943,0.0042626840073199815,0.1735551568076336
1.157076,16.027439989893544,0.004106950486461897,0.1372399692672109
1.157076,18.564777273904603,0.005864392204890657,0.1746501248014717
1.159446,16.036312500898916,0.004685014203358867,0.15118407009094986
1.161825,16.029727511614094,0.002857320181193533,0.15035523102281106
1.161825,18.605953116643526,0.003941766936317064,0.1034571934956801
1.164204,16.056765535074483,0.0034963023203427503,0.10767511720306724
1.166581,16.05204402769713,0.004489796564028028,0.15954120596736832
1.166581,18.855222743586936,0.004291901406215313,0.19149178499390143
1.168956,16.086407147899116,0.0043569013337158005,0.15485189996038146
1.168956,18.785861776574645,0.0033305005703201888,0.11734965230115176
1.171342,16.082923558192842,0.004421978942234767,0.20250904869251243
1.171342,18.871242575059615,0.007789411413841385,0.04866673413160872
1.173715,14.680972317379354,0.0061728896752270114,0.6223553343925488
1.178479,18.971219014917903,0.0032264000193951248,0.17532634281515055
1.180847,14.748644754343832,0.00532116362522573,0.29481244457073846
1.180847,18.99353752444116,0.0024943291993954975,0.24998131294385373
1.183225,14.711333795381497,0.005841331912642899,0.527694498798835
1.183225,19.14522591215603,0.003132875120178071,0.23483373621667816
1.185612,14.783732794791268,0.005654909162826436,0.4071412654152799
1.185612,19.20276431857107,0.003175328545514703,0.11439030381940919
1.187986,16.544072816540886,0.005903475883687374,0.2561767874413593
1.187986,20.400637613041848,0.0029686709094231666,0.15402686578623476
1.190359,15.005581334423226,0.00450666373258192,0.4667342860960587
1.190359,16.767509868622803,0.005155230817613037,0.36734829100516975
1.192741,14.908788814076104,0.008971788795565065,0.5329830516447158
1.192741,16.72073192259585,0.008301700826726101,0.5209436626877098
1.195121,15.119779454070509,0.006650287073022587,0.3911113013010568
1.197498,15.110944182253604,0.010374861513370108,0.57423789298601
1.199874,17.049437878549224,0.007657076338032112,0.425725687512174
1.199874,19.518763816588546,0.006850518104577846,0.1677286724630481
1.199874,19.51798738529606,0.007092027950824363,0.1746698170688665
1.202248,17.08002259270362,0.008107158720926733,0.3832459575477832
1.204631,17.164961919347697,0.006817372140438072,0.3695492455273668
1.204631,19.610841157128988,0.0038044170688377008,0.1659507238342855
1.207011,17.209154401199765,0.00758846041846672,0.15683931981992477
1.20939,7.231740344256383,0.0024557981143374357,0.12485295368218001
1.20939,15.254172298022098,0.010117450657683292,0.47832435451698935
1.20939,17.207151464940278,0.007156323265286902,0.2098391069634703
1.20939,19.72148064058097,0.007318253302050185,0.07870458727465172
1.20939,19.722480204615987,0.007398658503591152,0.08062991889884757
1.211765,7.304905827585783,0.0028251026303281446,0.06590195771332821
1.211765,17.2536107108533,0.007083885806779632,0.1914301824269195
1.211765,19.76346009217517,0.009080148351629081,0.10760585530464906
1.214139,17.267895549553348,0.009927349268876394,0.17354146792470462
1.214139,19.753925121598346,0.006105147007639205,0.10354661683535148
1.216521,7.156416027039408,0.004417970138122623,0.2397873393566087
1.216521,17.301543899995323,0.013038312343527583,0.20032764374450182
1.218901,7.316091740357311,0.004000000808152267,0.06456552457741198
1.218901,17.279431144684207,0.010530372595689452,0.1918321115423063
1.218901,21.055506413461327,0.008495166210177096,0.1250950326896757
1.221279,17.291841965921222,0.011960722183886155,0.210821643226439
1.221279,21.11416681276383,0.01048911052641623,0.1121253790531247
1.223653,17.48043831745268,0.015041029340892555,0.48688635304433076
1.223653,19.98139420760919,0.00662736810966968,0.10563314003904829
1.226037,20.03974979261867,0.009803317769567294,0.1505913014626011
1.228406,16.047142797444977,0.007162024591162398,0.13585065852183703
1.228406,16.04547967836215,0.007394477599997452,0.14324110855708605
1.228406,17.699422298402123,0.01165595447553668,0.1908338099967004
1.230783,16.01270866191511,0.00812834346028542,0.1678523170185135
1.230783,17.738268433685544,0.010740969351914159,0.30305393692406674
1.230783,21.290023555345336,0.005095381015067739,0.13406485343089328
1.233171,16.065447788730726,0.009434860541703683,0.13388188729093892
1.233171,16.064521067684094,0.009540183214404797,0.13779534558227557
1.233171,17.731440392322003,0.012520130619644684,0.2108416059925127
1.233171,21.311265556509316,0.00926470530714713,0.09742930230297055
1.235542,16.08294453028696,0.013842118045476666,0.1635879305067689
1.235542,17.78539885448804,0.011811562504714948,0.19893062561854477
1.237923,16.075103267818953,0.012918995059796455,0.12968327985190772
1.237923,17.863925047603214,0.01088226000352289,0.30705240101814596
1.237923,20.4288553858665,0.007961639459365785,0.17650502923340666
1.237923,20.42964520413804,0.00798225169631831,0.17792853165650108
1.240301,16.09412908566595,0.008900913719174465,0.11179629325403145
1.240301,17.906092382496812,0.009542291217841066,0.1903916624311609
1.240301,20.360099405065032,0.009664510143053284,0.08007427170000615
1.242678,16.10711927917331,0.009043078318286001,0.2277624083314593
1.242678,17.955054333894445,0.008611427540714067,0.3909754651692812
1.245056,16.078330001637685,0.008420087919071763,0.1701942298374003
1.245056,18.019844405480068,0.010730496580330973,0.39222072695231086
1.247434,16.234640970650194,0.013287271905632093,0.29829151853708913
1.247434,18.029408587632503,0.015030872640863358,0.44107951617573954
1.249812,8.381897619470086,0.007498309095349834,0.26973601984995327
1.249812,16.174737955241653,0.011636540029581309,0.3548387180584354
1.249812,18.252199634961197,0.015065293382853239,0.4889290807731648
1.249812,20.55875511703171,0.007424809547254708,0.13902672106341757
1.25219,18.25219099942331,0.011918706679224273,0.3299104549086109
1.254568,8.286370174733117,0.005806867537899723,0.21451611273588567
1.254568,16.555322094181022,0.01131744485434074,0.41374581516784725
1.254568,18.460901661551954,0.01290238324495775,0.19824281818091638
1.256947,16.526089558570977,0.010747269136662343,0.4412325904397389
1.256947,18.38721120008264,0.012702921743668407,0.23770919591826914
1.256947,20.736920984530418,0.011192268025817308,0.10023265648859155
1.256947,20.737455258372787,0.011353768061394215,0.10188132313548214
1.259324,16.785836900759318,0.010489066106711352,0.4730693337045306
1.259324,18.48682841088499,0.01532229744556464,0.2300629752612338
1.259324,20.763531382269644,0.0034675100939604306,0.13127020329180777
1.261702,16.77225949111674,0.010807818744178965,0.3943314142820955
1.261702,18.53980747436113,0.01228420699759034,0.2259500059735021
1.264081,16.746075101977738,0.01105971195743694,0.3020081217073798
1.264081,18.563783890979636,0.015224986092582984,0.27996164403624757
1.264081,20.985366909604462,0.004044349648044852,0.173330267804914
1.266458,16.79780643341002,0.008308581346165139,0.2727735060483878
1.266458,18.63414174065295,0.012984063019243436,0.11655910272690734
1.266458,21.02596600203285,0.005096729928734916,0.07888090878627087
1.268836,16.95276068486384,0.011299243175056161,0.49032766631238106
1.268836,18.621779408648532,0.014132172657121205,0.3127738109442944
1.268836,21.062308136768458,0.0071932858127637216,0.09465554060250772
1.271214,17.074432048720077,0.008479316448174366,0.2795431314968112
1.271214,18.688699388367475,0.010433961827495026,0.19812995754809756
1.271214,21.08626372330803,0.00691949353066813,0.07900480933814387
1.273592,7.102992704538404,0.0028106817647155927,0.22883618323183227
1.273592,17.150240583395814,0.008984483753216284,0.39248282149885766
1.273592,18.865579012803988,0.011239322923374078,0.28773146235074776
1.27597,17.18484671821766,0.009058014364091314,0.20533716670297802
1.27597,18.722804400254223,0.010038183635383379,0.2785980240747501
1.278348,17.223232051053742,0.00958127885918187,0.17100549555160804
1.278348,18.748708658606695,0.010540081899231033,0.20581864334119415
1.280725,17.2590534392529,0.012608268951279285,0.1615716976060524
1.280725,18.931978172768037,0.011596576766082353,0.20230153866240985
1.283104,17.289163874702197,0.013151989373891278,0.13990799427157724
1.283104,18.881491070779063,0.011223790356880715,0.23999124748233736
1.283104,21.306084380953813,0.010916260329051857,0.09866349316452533
1.285482,17.296755638286182,0.01241309619872932,0.17603057739797495
1.285482,19.015812231545496,0.013096478819748755,0.2808194674129146
1.285482,21.37375142130183,0.006862923548814986,0.1444356183998213
1.28786,7.351174417242942,0.003987679489269874,0.10081124117211362
1.28786,9.859034202838133,0.006654410038801726,0.3030148803691392
1.28786,17.31507712148669,0.010629329848317206,0.2649290778386142
1.290237,7.253283566766526,0.002906021341454857,0.15723423161586636
1.290237,19.120893810204652,0.011138859763788202,0.5778083801927674
1.292616,9.777567174304533,0.006687580900028209,0.2940473281606121
1.292616,17.698746093057693,0.009149054986897153,0.21653851653789308
1.292616,19.244090314101943,0.010157469690213737,0.4697487020058621
1.294993,9.845742352185862,0.00556082741871079,0.18131174012782925
1.294993,9.84084723598282,0.006118082634825777,0.22534359649197627
1.294993,17.649101425558065,0.013389419371743892,0.20354466792403972
1.294993,19.438872753946807,0.008281253738120945,0.35133144975887626
1.294993,21.6184290583407,0.006256757813206646,0.13132886506677438
1.297371,17.772935457361125,0.008533795066120897,0.13798849029333868
1.297371,19.45825456476658,0.008007672765040524,0.26281262812290823
1.297371,21.676772303782872,0.0066097523963223725,0.10948871723480062
1.297371,21.677125620590076,0.006599991466303928,0.10987881336470703
1.29975,17.79004204985391,0.01178181117125902,0.2519083720567509
1.29975,19.491643332728263,0.009956476173562741,0.33231260073593366
1.302128,17.83076337310321,0.010571076236924751,0.14426490209331416
1.302128,19.533516401247248,0.008183422493555755,0.14451848749893428
1.304505,17.869738123550235,0.013262710232701584,0.17543022529459187
1.304505,19.56364104331571,0.012125201870862917,0.19405492180534098
1.306884,17.929870819832498,0.016172171621461392,0.1524883884232404
1.306884,19.610240905928052,0.012456040072299963,0.18122749549793016
1.306884,21.95572051954721,0.005957959448617124,0.2266799063939139
1.309262,17.920767570986477,0.012212197269791525,0.13236746620106274
1.309262,19.649870379124952,0.01283778869465572,0.15456635220080517
1.309262,21.999717306223904,0.006872109176680277,0.10846303959387041
1.31164,17.97885678567513,0.010564594161594235,0.46714917657066335
1.31164,19.702660709989754,0.014341842879321236,0.2210957745091272
1.31164,22.030015266102385,0.0038041675388354353,0.19268771052946806
1.314017,18.1410036866253,0.011521232116052773,0.42195038986733413
1.314017,19.733724891944178,0.013052832692926121,0.17409611202462486
1.314017,23.062137517235854,0.007907303072453051,0.13796870460833144
1.314017,23.06516716045551,0.007733089306407817,0.12902132523546356
1.316396,19.83518496283052,0.015600385121803088,0.19462224365000855
1.316396,23.125902600826702,0.01724971963519065,0.11532673180432491
1.316396,23.125197473698442,0.027376994079662636,0.04421419565379192
1.318773,18.441598551951234,0.013893467291966458,0.4958761232851849
1.318773,19.870126800130013,0.016042730579031817,0.22140189110199077
1.321151,18.510276155533933,0.01052578044548996,0.23968996372442788
1.321151,19.87529506203124,0.01304954871068863,0.17368243948209477
1.32353,18.49239649655014,0.012762289454542778,0.18942305345636665
1.32353,19.960093671553583,0.010797385817396584,0.16268370054145836
1.32353,22.283742769714607,0.012016288510565807,0.06519858038536559
1.325908,18.395291403608173,0.015123333242019452,0.2335005764158418
1.325908,19.934366399048287,0.01182764088783814,0.25723696670954443
1.325908,22.30948781549089,0.014604886347049604,0.08158455420570133
1.325908,22.30544913303422,0.01446972014657534,0.08950626185556015
1.328286,18.578470354006676,0.016073576126643077,0.1512729613997418
1.328286,19.9525407608435,0.008782606165801371,0.11297454413111925
1.328286,22.313789512535276,0.018171591049256516,0.027119700088284626
1.330664,18.594603109517063,0.018785537589233025,0.23450202078802965
1.330664,22.372990559941883,0.00844961252320107,0.11497402742532849
1.333042,11.014678835162783,0.010402127477663997,0.2272361976300516
1.333042,18.66724334969186,0.01749254507529615,0.15272486862087645
1.333042,20.102019903052966,0.011453420612181277,0.4952529627020206
1.335419,18.69185209901472,0.017785385836973755,0.3098587687867752
1.335419,20.484407588410246,0.007833236677469945,0.16792618702684536
1.337797,18.62388391647177,0.01702073926536802,0.20124878064315144
1.337797,20.442960729266332,0.009926680108321461,0.19768379379579903
1.337797,22.595996958857906,0.01033064526843203,0.22934997279975308
1.340176,18.720274716886667,0.017063969802766265,0.13024202785165942
1.340176,20.508365356238226,0.007760005765707043,0.10997006729497993
1.342553,18.903689071753153,0.01693493772486345,0.14821291475464676
1.342553,20.50073219932787,0.008597755270503127,0.16481500966315218
1.344931,9.843428598984797,0.006173108174038364,0.24591863254221635
1.344931,18.791562003807776,0.013859054597942457,0.14198881905111674
1.344931,20.5005985950868,0.010009054215931382,0.15121448170917165
1.344931,22.788902143801327,0.00546584946776516,0.22635650057032408
1.347309,18.918054159868714,0.013254159226696496,0.1707960646708432
1.347309,20.56660918303722,0.009818844274124836,0.1158465391977932
1.349688,18.928462995756444,0.010489195692071022,0.2484003685277704
1.349688,20.615195320236303,0.010086131438881245,0.2600209285567106
1.349688,22.832326845383253,0.013671478311136201,0.09378719035391098
1.349688,22.831217278350987,0.013589461309814192,0.09739876297163254
